UserId,Password
oneAlice,12345678
twoPeter,98765432
threeElla,54321678
fourOliver,87654321
fiveSophia,23456789
sixLiam,98712345
sevenAva,65432189
eightNoah,12349876
nineMia,87651234
tenEthan,56781234
elevenIsabella,98763421
twelveJames,12349876
thirteenEmma,87651234
fourteenWilliam,56781234
fifteenOlivia,98763421
sixteenBenjamin,12349876
seventeenAvery,87651234
eighteenLucas,56781234
nineteenHarper,98763421
twentyMason,12349876
twentyoneEvelyn,87651234
twentytwoLogan,56781234
twentythreeCharlotte,98763421
twentyfourJackson,12349876
twentyfiveAbigail,87651234
twentysixCarter,56781234
twentysevenScarlett,98763421
twentyeightDaniel,12349876
twentynineMadison,87651234
thirtyLily,56781234